,id,firstName,lastName,maidenName,age,gender,email,phone,username,password,birthDate,image,bloodGroup,height,weight,eyeColor,domain,ip,macAddress,university,ein,ssn,userAgent,hair.color,hair.type,address.address,address.city,address.coordinates.lat,address.coordinates.lng,address.postalCode,address.state,bank.cardExpire,bank.cardNumber,bank.cardType,bank.currency,bank.iban,company.address.address,company.address.city,company.address.coordinates.lat,company.address.coordinates.lng,company.address.postalCode,company.address.state,company.department,company.name,company.title
0,1,Terry,Medhurst,Smitham,50,male,atuny0@sohu.com,+63 791 675 8914,atuny0,$2b$12$7TKu2ekLtNIrv6v2YMmUC.LvoWXXXeU2sqbE2/YUmCAh5qnd8Ng/O,2000-12-25,https://robohash.org/hicveldicta.png,A−,189,75.4,Green,slashdot.org,117.29.86.254,13:69:BA:56:A3:74,Capitol University,20-9487066,661-64-2976,"Mozilla/5.0 (Windows NT 6.1) AppleWebKit/534.24 (KHTML, like Gecko) Chrome/12.0.702.0 Safari/534.24",Black,Strands,1745 T Street Southeast,Washington,38.867033,-76.979235,20020,DC,06/22,50380955204220685,maestro,Peso,NO17 0695 2754 967,629 Debbie Drive,Nashville,36.208114,-86.58621199999999,37076,TN,Marketing,Blanda-O'Keefe,Help Desk Operator
1,2,Sheldon,Quigley,Cole,28,male,hbingley1@plala.or.jp,+7 813 117 7139,hbingley1,$2b$12$0s8WYWiESNjT4g6mPFw9Nucs3vJCYyYGIDxvznI1YH7Y8ZT975h1y,2003-08-02,https://robohash.org/doloremquesintcorrupti.png,O+,187,74.0,Brown,51.la,253.240.20.181,13:F1:00:DA:A4:12,Stavropol State Technical University,52-5262907,447-08-9217,"Mozilla/5.0 (X11; Linux x86_64) AppleWebKit/534.30 (KHTML, like Gecko) Ubuntu/11.04 Chromium/12.0.742.112 Chrome/12.0.742.112 Safari/534.30",Blond,Curly,6007 Applegate Lane,Louisville,38.1343013,-85.6498512,40219,KY,10/23,5355920631952404,mastercard,Ruble,MD63 L6YC 8YH4 QVQB XHIK MTML,8821 West Myrtle Avenue,Glendale,33.5404296,-112.2488391,85305,AZ,Services,Aufderhar-Cronin,Senior Cost Accountant
2,3,Terrill,Hills,Hoeger,38,male,rshawe2@51.la,+63 739 292 7942,rshawe2,$2b$12$lm6dyfVTQU1Ssbfl8sLpr.wvDD5WBajcOIhgkBkLJsz8NHfcU.VPS,1992-12-30,https://robohash.org/consequunturautconsequatur.png,A−,200,105.3,Gray,earthlink.net,205.226.160.3,F2:88:58:64:F7:76,University of Cagayan Valley,48-3951994,633-89-1926,Mozilla/5.0 (Windows NT 6.2; Win64; x64; rv:21.0.0) Gecko/20121011 Firefox/21.0.0,Blond,Very curly,560 Penstock Drive,Grass Valley,39.213076,-121.077583,95945,CA,10/23,3586082982526703,jcb,Peso,AT24 1095 9625 1434 9703,18 Densmore Drive,Essex,44.492953,-73.101883,05452,VT,Marketing,Lindgren LLC,Mechanical Systems Engineer
3,4,Miles,Cummerata,Maggio,49,male,yraigatt3@nature.com,+86 461 145 4186,yraigatt3,$2b$12$WdESak7aHu9NpOlNLS6sLu4JF/YYCXcfDb9MATsFeYmjMvXS9bnpK,1969-01-16,https://robohash.org/facilisdignissimosdolore.png,B+,157,95.9,Gray,homestead.com,243.20.78.113,03:45:58:59:5A:7B,Shenyang Pharmaceutical University,71-3644334,487-28-6642,"Mozilla/5.0 (Windows NT 6.2; WOW64) AppleWebKit/537.11 (KHTML, like Gecko) Chrome/23.0.1271.17 Safari/537.11",Blond,Very curly,150 Carter Street,Manchester,41.76556000000001,-72.473091,06040,CT,07/24,3580047879369323,jcb,Yuan Renminbi,KZ43 658B M6VS TZOU OXSO,210 Green Road,Manchester,41.7909099,-72.51195129999999,06042,CT,Business Development,Wolff and Sons,Paralegal
4,5,Mavis,Schultz,Yundt,38,male,kmeus4@upenn.edu,+372 285 771 1911,kmeus4,$2b$12$wIFRhKY7uaANk4CjrSBq7ex3S3zrV2.T3s4UTTwwYdgIaEsNqcifa,1968-11-03,https://robohash.org/adverovelit.png,O+,188,106.3,Brown,columbia.edu,103.72.86.183,F8:04:9E:ED:C0:68,Estonian University of Life Sciences,18-7178563,667-98-5357,"Mozilla/5.0 (Windows NT 6.0) AppleWebKit/535.1 (KHTML, like Gecko) Chrome/13.0.782.1 Safari/535.1",Brown,Curly,2721 Lindsay Avenue,Louisville,38.263793,-85.700243,40206,KY,01/24,4917245076693618,visa-electron,Euro,IT41 T114 5127 716J RGYB ZRUX DSJ,8398 West Denton Lane,Glendale,33.515353,-112.240812,85305,AZ,Support,Adams Inc,Web Developer I
5,6,Alison,Reichert,Franecki,21,female,jtreleven5@nhs.uk,+351 527 735 3642,jtreleven5,$2b$12$k3FBeiToTewN.kivc7MQoujuekwqfumT.Ga9E4cffdOM8CG9RXa8W,1969-07-21,https://robohash.org/laboriosamfacilisrem.png,A+,149,105.7,Amber,bandcamp.com,49.201.206.36,6C:34:D0:4B:4E:81,Universidade da Beira Interior,78-3192791,158-68-0184,"Mozilla/5.0 (Windows; U; Windows NT 6.0; nb-NO) AppleWebKit/533.18.1 (KHTML, like Gecko) Version/5.0.2 Safari/533.18.5",Blond,Straight,18 Densmore Drive,Essex,44.492953,-73.101883,05452,VT,03/22,345675888286047,americanexpress,Euro,LB69 1062 QCY5 XS5T VOKU KJFG XP4S,6231 North 67th Avenue,Glendale,33.5279666,-112.2022551,85301,AZ,Accounting,D'Amore and Sons,Civil Engineer
6,7,Oleta,Abbott,Wyman,31,female,dpettegre6@columbia.edu,+62 640 802 7111,dpettegre6,$2b$12$rbP0vgqfcqs8vSNLzjxZEu8QjpeN7gAt5dTDYEidHG1Z8Uq03Y2z.,1982-02-21,https://robohash.org/cupiditatererumquos.png,B−,172,78.1,Blue,ovh.net,25.207.107.146,48:2D:A0:67:19:E0,Institut Sains dan Teknologi Al Kamal,29-1568401,478-11-2206,"Mozilla/5.0 (Windows; U; Windows NT 5.1; ru-RU) AppleWebKit/533.18.1 (KHTML, like Gecko) Version/5.0.2 Safari/533.18.5",Chestnut,Wavy,637 Britannia Drive,Vallejo,38.10476999999999,-122.193849,94591,CA,10/23,3589640949470047,jcb,Rupiah,GI97 IKPF 9DUO X25M FG8D UXY,1407 Walden Court,Crofton,39.019306,-76.660653,21114,MD,Product Management,"Schimmel, Wilderman and Orn",Sales Associate
7,8,Ewell,Mueller,Durgan,29,male,ggude7@chron.com,+86 946 297 2275,ggude7,$2b$12$dOPXlySWJxeqC6746yu1cOTskb0O3.AmFVnM3yc5/67BpmxNnn9yG,1964-08-24,https://robohash.org/quiaharumsapiente.png,A−,146,52.1,Blue,homestead.com,91.200.56.127,72:DA:1B:D7:30:E9,Wenzhou Medical College,88-4396827,238-41-5528,"Mozilla/5.0 (X11; Linux amd64) AppleWebKit/534.36 (KHTML, like Gecko) Chrome/13.0.766.0 Safari/534.36",Chestnut,Wavy,5601 West Crocus Drive,Glendale,33.6152469,-112.179737,85306,AZ,09/23,30549925358905,diners-club-carte-blanche,Yuan Renminbi,CY02 9914 5346 0PMT G6XW TP0R AWRZ,81 Seaton Place Northwest,Washington,38.9149499,-77.01170259999999,20001,DC,Services,"Corkery, Reichert and Hodkiewicz",Clinical Specialist
8,9,Demetrius,Corkery,Gleason,22,male,nloiterton8@aol.com,+86 356 590 9727,nloiterton8,$2b$12$CgvMZo5ryT5pINUJD9x.3OSeZ5vQBlLC3vG9xKCdimDgtIRIFW5/e,1971-03-11,https://robohash.org/excepturiiuremolestiae.png,A+,170,97.1,Green,goodreads.com,78.170.185.120,98:EE:94:A2:91:C4,Nanjing University of Economics,14-1066382,717-26-3759,"Mozilla/5.0 (Macintosh; U; PPC Mac OS X 10_4_11; de) AppleWebKit/528.4+ (KHTML, like Gecko) Version/4.0dp1 Safari/526.11.2",Brown,Strands,5403 Illinois Avenue,Nashville,36.157077,-86.853827,37209,TN,02/24,5372664789004621,mastercard,Yuan Renminbi,BR68 9829 0581 3669 5088 5533 025N V,12245 West 71st Place,Arvada,39.8267078,-105.1366798,80004,CO,Human Resources,Gorczany Group,Community Outreach Specialist
9,10,Eleanora,Price,Cummings,37,female,umcgourty9@jalbum.net,+60 184 408 0824,umcgourty9,$2b$12$j56KqK7Ta3xxjRWBhFhD.OWJGniRWB5Xog4efiik0SYFbZBr9bJ26,1958-08-11,https://robohash.org/aliquamcumqueiure.png,O+,198,48.0,Blue,alibaba.com,73.15.179.178,BC:A9:D8:98:CB:0B,Melaka City Polytechnic,21-5278484,544-66-0745,"Mozilla/5.0 (Macintosh; Intel Mac OS X 10_8_2) AppleWebKit/537.11 (KHTML, like Gecko) Chrome/23.0.1271.6 Safari/537.11",Chestnut,Wavy,8821 West Myrtle Avenue,Glendale,33.5404296,-112.2488391,85305,AZ,01/24,3557806620295254,jcb,Ringgit,GT40 DWAD 9UHA VEOZ ZF4J 2Y0F OOFD,1649 Timberridge Court,Fayetteville,36.084563,-94.206082,72704,AR,Marketing,Bins Group,Senior Sales Associate
10,11,Marcel,Jones,Smith,39,male,acharlota@liveinternet.ru,+967 253 210 0344,acharlota,$2b$12$KpDo/RPNNM9Ms36pstpgN.ZvqRXIN1w.Lzza9x0r/ztWAnEKOMzlS,1961-09-12,https://robohash.org/impeditautest.png,B−,203,63.7,Amber,feedburner.com,137.235.164.173,59:E8:70:5A:E5:D6,Hodeidah University,09-3791007,342-54-8422,"Mozilla/5.0 (Windows NT 5.2) AppleWebKit/535.1 (KHTML, like Gecko) Chrome/14.0.792.0 Safari/535.1",Black,Straight,2203 7th Street Road,Louisville,38.218107,-85.779006,40208,KY,05/24,5893925889459720,maestro,Rial,NL97 UWMY 2503 2999 43,308 Woodleaf Court,Glen Burnie,39.1425931,-76.6238441,21061,MD,Business Development,Kuhn-Harber,Account Executive
11,12,Assunta,Rath,Heller,42,female,rhallawellb@dropbox.com,+380 962 542 6549,rhallawellb,$2b$12$y8JeJf9QdaKcsPVBzjhcx.mf32rGgmxhmZTea.Vr635KHtQMP7mcO,1990-12-14,https://robohash.org/namquaerataut.png,O−,168,96.8,Gray,123-reg.co.uk,74.80.53.208,9B:DC:21:C2:30:A3,Kiev Slavonic University,14-1242349,116-51-6131,"Mozilla/5.0 (X11; CrOS i686 4319.74.0) AppleWebKit/537.36 (KHTML, like Gecko) Chrome/29.0.1547.57 Safari/537.36",Black,Very curly,6463 Vrain Street,Arvada,39.814056,-105.046913,80003,CO,09/22,5602230671060360,bankcard,Hryvnia,KW76 VNLA LX0Y DMDE PFS8 FVKP VMDF AV,388 East Main Street,,43.9727945,-73.1023187,05753,VT,Product Management,Goodwin-Skiles,Developer II
12,13,Trace,Douglas,Lemke,26,male,lgribbinc@posterous.com,+1 609 937 3468,lgribbinc,$2b$12$i2fpyzTYitMsApcU.BaBj.5OjEshLsmvTIFfBqtktxGBYYBW8jhCi,1967-07-23,https://robohash.org/voluptatemsintnulla.png,O+,181,56.5,Amber,histats.com,163.245.232.27,B9:21:ED:9F:B8:9E,Dallas Christian College,94-0648182,217-05-3082,"Mozilla/5.0 (Windows; U; Windows NT 5.1; ru-RU) AppleWebKit/533.19.4 (KHTML, like Gecko) Version/5.0.3 Safari/533.19.4",Auburn,Straight,87 Horseshoe Drive,West Windsor,43.4731793,-72.4967532,05037,VT,01/23,3556299106119514,jcb,Dollar,AE47 4194 4544 3401 3419 286,310 Timrod Road,Manchester,41.756758,-72.493501,06040,CT,Research and Development,Casper Inc,Sales Associate
13,14,Enoch,Lynch,Heidenreich,21,male,mturleyd@tumblr.com,+94 912 100 5118,mturleyd,$2b$12$vA4hUfeVBLxF71SqoTXn5.BQs19540aeUEb87iLWeDR/yk7qEJ7Ta,1979-08-25,https://robohash.org/quisequienim.png,O+,150,100.3,Green,icio.us,174.238.43.126,52:11:E1:31:35:C1,University of Sri Jayawardenapura,61-8316825,742-81-1714,"Mozilla/5.0 (Windows; U; Windows NT 5.0; en-en) AppleWebKit/533.16 (KHTML, like Gecko) Version/4.1 Safari/533.16",Auburn,Strands,60 Desousa Drive,Manchester,41.7409259,-72.5619104,06040,CT,11/23,5339467937996728,mastercard,Rupee,SI28 0812 7967 0952 944,21950 Arnold Center Road,Carson,33.8272706,-118.2302826,90810,CA,Sales,Schoen Inc,Professor
14,15,Jeanne,Halvorson,Cummerata,26,female,kminchelle@qq.com,+86 581 108 7855,kminchelle,$2b$12$xU0vUWckBP8BsOhW6glj2.MCOt5T4zESLWqnNnJKf.jzv/guLZX9a,1996-02-02,https://robohash.org/autquiaut.png,A+,176,45.7,Amber,google.co.uk,78.43.74.226,D9:DB:D9:5A:01:09,"Donghua University, Shanghai",62-0561095,855-43-8639,"Mozilla/5.0 (X11; Linux i686) AppleWebKit/534.24 (KHTML, like Gecko) Chrome/11.0.696.14 Safari/534.24",Blond,Straight,4 Old Colony Way,Yarmouth,41.697168,-70.189992,02664,MA,10/23,3588859507772914,jcb,Yuan Renminbi,FO12 1440 0396 8902 56,22572 Toreador Drive,Salinas,36.602449,-121.699071,93908,CA,Marketing,Hahn-MacGyver,Software Test Engineer IV
15,16,Trycia,Fadel,Rosenbaum,41,female,dpierrof@vimeo.com,+420 833 708 0340,dpierrof,$2b$12$XhUCr.Knd3e46KSUyYD.JO42veSdxLAwCdXv.knPQR.3IoIKVa9B6,1963-07-03,https://robohash.org/porronumquamid.png,B+,166,87.2,Gray,tamu.edu,82.170.69.15,3D:21:5B:9F:76:FF,Technical University of Mining and Metallurgy Ostrava,75-1816504,677-73-1525,"Mozilla/5.0 (Windows NT 5.1) AppleWebKit/535.2 (KHTML, like Gecko) Chrome/15.0.872.0 Safari/535.2",Black,Very curly,314 South 17th Street,Nashville,36.1719075,-86.740228,37206,TN,07/23,6378941710246212,instapayment,Koruna,CH94 4961 5QY1 VPV1 NGIP P,1407 Walden Court,Crofton,39.019306,-76.660653,21114,MD,Research and Development,"Steuber, Considine and Padberg",Geological Engineer
16,17,Bradford,Prohaska,Bins,43,male,vcholdcroftg@ucoz.com,+420 874 628 3710,vcholdcroftg,$2b$12$O4cfUrypC1ZvX5WEDvFxoe6OXwbjnCE1/RdCOWj9CUhl3PjcOi79i,1975-10-20,https://robohash.org/accusantiumvoluptateseos.png,O−,199,94.3,Brown,wix.com,75.75.234.243,47:FA:F7:94:7B:5D,Technical University of Mining and Metallurgy Ostrava,92-8837697,795-36-7752,"Mozilla/5.0 (Windows NT 5.2) AppleWebKit/535.1 (KHTML, like Gecko) Chrome/14.0.813.0 Safari/535.1",Black,Curly,1649 Timberridge Court,Fayetteville,36.084563,-94.206082,72704,AR,05/24,3574627048005672,jcb,Koruna,SI81 7221 0344 9088 864,20930 Todd Valley Road,Foresthill,38.989466,-120.883108,95631,CA,Sales,Bogisich and Sons,Operator
17,18,Arely,Skiles,Monahan,42,male,sberminghamh@chron.com,+55 886 766 8617,sberminghamh,$2b$12$Ks6p9vZ37ExWOa5/41zcjuGz6aA6IAcxvji20r48b95WgLMjRUWD6,1958-02-05,https://robohash.org/nihilharumqui.png,AB−,192,97.0,Amber,seesaa.net,29.82.54.30,61:0C:8F:92:48:D5,Universidade Estadual do Ceará,55-4062919,551-74-1349,Mozilla/5.0 (Windows NT 5.1; rv:31.0) Gecko/20100101 Firefox/31.0,Brown,Straight,5461 West Shades Valley Drive,Montgomery,32.296422,-86.34280299999999,36108,AL,09/24,3578078357052002,jcb,Real,FR79 7925 2903 77HF 2ZY6 TU4M T84,3162 Martin Luther King Junior Boulevard,Fayetteville,36.05233310000001,-94.2056987,72704,AR,Support,Metz Group,VP Accounting
18,19,Gust,Purdy,Abshire,46,male,bleveragei@so-net.ne.jp,+86 886 889 0258,bleveragei,$2b$12$uCoYVNJUnYA.8FcoVpfbOeTtQTAaVt2KbYv0vFfG1Groreds/3qE6,1989-10-15,https://robohash.org/delenitipraesentiumvoluptatum.png,A−,167,65.3,Amber,homestead.com,90.202.216.39,22:98:8D:97:2D:AE,Xinjiang University,53-7190545,809-93-2422,"Mozilla/5.0 (X11; Linux x86_64) AppleWebKit/534.24 (KHTML, like Gecko) Chrome/11.0.696.3 Safari/534.24",Black,Straight,629 Debbie Drive,Nashville,36.208114,-86.58621199999999,37076,TN,05/22,5602214306858976,bankcard,Yuan Renminbi,GB94 MOIU 1274 8449 9733 05,6463 Vrain Street,Arvada,39.814056,-105.046913,80003,CO,Sales,"Bahringer, Auer and Wehner",Financial Analyst
19,20,Lenna,Renner,Schumm,41,female,aeatockj@psu.edu,+1 904 601 7177,aeatockj,$2b$12$M0SmKpc.xAaK6sKba9JG6OuJE7MZJvzExt9SgyT9kfg2Shp.u4nQy,1980-01-19,https://robohash.org/ipsumutofficiis.png,O−,175,68.0,Green,sourceforge.net,59.43.194.22,ED:64:AE:91:49:C9,Moraine Valley Community College,88-6715551,389-03-0381,"Mozilla/5.0 (X11; Linux i686) AppleWebKit/534.24 (KHTML, like Gecko) Ubuntu/10.10 Chromium/12.0.702.0 Chrome/12.0.702.0 Safari/534.24",Black,Strands,22572 Toreador Drive,Salinas,36.602449,-121.699071,93908,CA,07/22,3565173055875732,jcb,Dollar,GT39 KL9Z CZYV XF26 UPYW SFPT H74U,491 Arabian Way,Grand Junction,39.07548999999999,-108.474785,81504,CO,Support,Hoppe Group,Geologist III
20,21,Doyle,Ernser,Feeney,23,male,ckensleyk@pen.io,+86 634 419 6839,ckensleyk,$2b$12$kOVEanHsVvYbVuRUVDnZT.Lslfh3tg2YNLOv81m7.GcFSZmvUHo2u,1983-01-22,https://robohash.org/providenttemporadelectus.png,A−,173,69.9,Brown,free.fr,87.213.156.73,E2:5A:A5:85:9B:6D,Nanjing University of Traditional Chinese Medicine,23-4116115,562-46-9709,"Mozilla/5.0 (Windows NT 6.2) AppleWebKit/536.3 (KHTML, like Gecko) Chrome/19.0.1061.0 Safari/536.3",Black,Curly,3034 Mica Street,Fayetteville,36.0807929,-94.2066449,72704,AR,06/24,30464640811198,diners-club-carte-blanche,Yuan Renminbi,BE41 7150 0766 2980,5906 Milton Avenue,Deale,38.784451,-76.54125499999999,20751,MD,Product Management,Brekke Group,Programmer Analyst I
21,22,Tressa,Weber,Williamson,41,female,froachel@howstuffworks.com,+34 517 104 6248,froachel,$2b$12$1hK.wSKuN8BfVYHvxnoko.a02v/8zqyUIjLW4b9O0jwhBjQjjtbvS,1987-11-11,https://robohash.org/temporarecusandaeest.png,B−,164,87.1,Green,indiatimes.com,71.57.235.192,A4:8B:56:BC:ED:98,Universitat Rámon Llull,78-2846180,155-87-0243,"Mozilla/5.0 (Macintosh; U; PPC Mac OS X 10_4_11; de-de) AppleWebKit/533.16 (KHTML, like Gecko) Version/4.1 Safari/533.16",Black,Strands,3729 East Mission Boulevard,Fayetteville,36.0919353,-94.10654219999999,72703,AR,12/21,342220243660686,americanexpress,Euro,CY09 2675 2653 QNEJ JNSA 0E2V ONMM,8800 Cordell Circle,Anchorage,61.1409305,-149.9437822,99502,AK,Research and Development,Durgan Group,VP Quality Control
22,23,Felicity,O'Reilly,Rosenbaum,46,female,beykelhofm@wikispaces.com,+63 919 564 1690,beykelhofm,$2b$12$iXkJL7H9TO/F0F3TU4/SWOn4DJCxpazR2GztXaHLnDWT1vuNv9XrK,1967-10-05,https://robohash.org/odioquivero.png,O−,151,96.7,Brown,tamu.edu,141.14.53.176,4D:AB:8D:9A:E5:02,University of lloilo,92-4814248,441-72-1229,"Mozilla/5.0 (Windows NT 5.1) AppleWebKit/535.2 (KHTML, like Gecko) Chrome/15.0.872.0 Safari/535.2",Brown,Curly,5114 Greentree Drive,Nashville,36.0618539,-86.738508,37211,TN,06/22,6333837222395642,switch,Peso,FR40 3929 7903 26S5 QL9A HUSV Z09,1770 Colony Way,Fayetteville,36.0867,-94.229754,72704,AR,Legal,"Romaguera, Williamson and Kessler",Assistant Manager
23,24,Jocelyn,Schuster,Dooley,19,male,brickeardn@fema.gov,+7 968 462 1292,brickeardn,$2b$12$rkajS.k6M5jhdCF/WqSNNe4zWyeOVfBcb3GQrx.YCgl7MufAFqu42,1966-06-02,https://robohash.org/odiomolestiaealias.png,O+,166,93.3,Brown,pen.io,116.92.198.102,AF:AA:20:8E:CA:CD,Bashkir State Medical University,77-6259466,291-72-5526,"Mozilla/5.0 (Macintosh; U; Intel Mac OS X 10_6_7; ja-jp) AppleWebKit/533.20.25 (KHTML, like Gecko) Version/5.0.4 Safari/533.20.27",Brown,Curly,3466 Southview Avenue,Montgomery,32.341227,-86.2846859,36111,AL,11/21,5007666357943463,mastercard,Ruble,NL22 YBPM 0101 6695 08,80 North East Street,Holyoke,42.2041219,-72.5977704,01040,MA,Product Management,Wintheiser-Boehm,Research Nurse
24,25,Edwina,Ernser,Kiehn,21,female,dfundello@amazon.co.jp,+86 376 986 8945,dfundello,$2b$12$TCeh.tddPbvCEKv5x63lSOipD/n8YPNdYeUOJcjFk4MjDXlO41Mdq,2000-09-28,https://robohash.org/doloremautdolores.png,O+,180,102.1,Blue,apple.com,48.30.193.203,EC:59:D3:FC:65:92,Wuhan University of Technology,14-6307509,266-43-5297,"Mozilla/5.0 (Windows NT 6.1; WOW64) AppleWebKit/536.3 (KHTML, like Gecko) Chrome/19.0.1063.0 Safari/536.3",Brown,Wavy,1513 Cathy Street,Savannah,32.067416,-81.125331,31415,GA,10/23,3558628665594956,jcb,Yuan Renminbi,RS85 6347 5884 2820 5764 23,125 John Street,Santa Cruz,36.950901,-122.046881,95060,CA,Marketing,Volkman Group,Cost Accountant
25,26,Griffin,Braun,Deckow,35,male,lgronaverp@cornell.edu,+62 511 790 0161,lgronaverp,$2b$12$l6rjiQI6OD8Lon6cuBFEb.3SFHTqPFo9u1w9WbRXfYdYCU5qFndha,1965-09-06,https://robohash.org/laboriosammollitiaut.png,O−,146,65.5,Blue,foxnews.com,93.246.47.59,34:06:26:95:37:D6,Universitas Bojonegoro,38-0997138,407-02-8915,"Mozilla/5.0 (iPad; CPU OS 6_0 like Mac OS X) AppleWebKit/536.26 (KHTML, like Gecko) Version/6.0 Mobile/10A5355d Safari/8536.25",Blond,Wavy,600 West 19th Avenue,Anchorage,61.203115,-149.894107,99503,AK,07/24,3587188969123346,jcb,Rupiah,AD24 9240 6903 OD2X OW1Y WD1K,1508 Massachusetts Avenue Southeast,Washington,38.887255,-76.98318499999999,20003,DC,Engineering,"Boyle, Boyer and Lang",Senior Cost Accountant
26,27,Piper,Schowalter,Wuckert,47,female,fokillq@amazon.co.jp,+60 785 960 7918,fokillq,$2b$12$p3uY67wg.WlgZM.vTpZv6OrIdinkNyUQ.zZYaU69VaVIlswMaR0d.,1983-06-07,https://robohash.org/nequeodiosapiente.png,A−,197,71.5,Brown,toplist.cz,100.159.51.104,1F:42:5D:8C:66:3D,Sultanah Bahiyah Polytechnic,11-3129153,408-90-5986,"Mozilla/5.0 (Windows NT 5.1) AppleWebKit/537.36 (KHTML, like Gecko) Chrome/41.0.2224.3 Safari/537.36",Black,Curly,1208 Elkader Court North,Nashville,36.080049,-86.60116099999999,37013,TN,09/22,6762169351744592,maestro,Ringgit,BH05 STDW HECU HD4S L8U1 C6,600 West 19th Avenue,Anchorage,61.203115,-149.894107,99503,AK,Human Resources,O'Hara and Sons,Sales Representative
27,28,Kody,Terry,Larkin,28,male,xisherwoodr@ask.com,+81 859 545 8951,xisherwoodr,$2b$12$3AquejwV4r8NqkdmdM4FBeSk/5Z40.YOk7CRg4rOVYdEsUNV7cWl6,1979-01-09,https://robohash.org/consequunturabnon.png,B−,172,90.2,Blue,elpais.com,51.102.180.216,B4:B6:17:3C:41:E5,Science University of Tokyo,09-1129306,389-74-9456,Mozilla/6.0 (Macintosh; I; Intel Mac OS X 11_7_9; de-LI; rv:1.9b4) Gecko/2012010317 Firefox/10.0a4,Brown,Wavy,210 Green Road,Manchester,41.7909099,-72.51195129999999,06042,CT,05/23,201443655632569,diners-club-enroute,Yen,GT70 4NNE RDSR 0AJV 6AQI 4XH1 RWOC,109 Summit Street,Burlington,44.4729749,-73.2026566,05401,VT,Support,"Leffler, Beatty and Kilback",Recruiting Manager
28,29,Macy,Greenfelder,Koepp,45,female,jissetts@hostgator.com,+81 915 649 2384,jissetts,$2b$12$aNm1H/w/RjUownxkWkUqD.2NbtkLjNwNiRS.J7zMKemNndRPXZouO,1976-09-07,https://robohash.org/amettemporeea.png,A−,166,93.7,Amber,ibm.com,197.37.13.163,D7:14:C5:45:69:C1,Fuji Women's College,31-6688179,391-33-1550,"Mozilla/5.0 (Macintosh; Intel Mac OS X 10_7_2) AppleWebKit/535.19 (KHTML, like Gecko) Chrome/18.0.1025.45 Safari/535.19",Black,Straight,49548 Road 200,O'Neals,37.153463,-119.648192,93645,CA,04/24,633413352570887921,solo,Yen,IS23 8410 4605 1294 9479 5900 11,5403 Illinois Avenue,Nashville,36.157077,-86.853827,37209,TN,Product Management,Bruen and Sons,Structural Analysis Engineer
29,30,Maurine,Stracke,Abshire,31,female,kdulyt@umich.edu,+48 143 590 6847,kdulyt,$2b$12$hT0LchRDA.FJcWJZ/myHXufP8xmyiutP5MeRNtVxTrfBLxJKU9rjy,1964-12-18,https://robohash.org/perferendisideveniet.png,O−,170,107.2,Blue,ow.ly,97.11.116.84,42:87:72:A1:4D:9A,Poznan School of Banking,51-7727524,534-76-0952,"Mozilla/5.0 (X11; Linux i686) AppleWebKit/535.11 (KHTML, like Gecko) Chrome/17.0.963.66 Safari/535.11",Blond,Wavy,81 Seaton Place Northwest,Washington,38.9149499,-77.01170259999999,20001,DC,02/24,6331108070510590026,switch,Zloty,MT70 MKRC 8244 59Z4 9UG1 1HY7 TKM6 1YX,816 West 19th Avenue,Anchorage,61.203221,-149.898655,99503,AK,Support,Balistreri-Kshlerin,Quality Engineer
